gender,age,height,weight,alcoholConsumption,beer,softDrink,pizzaSlice
man,46,181,920759,never,0,2,2
man,39,180,789069,never,0,1,3
man,44,175,666791,regular,4,3,6
man,54,174,812678,regular,3,3,5
woman,34,157,672326,casual,1,5,4
woman,48,164,621209,seasoned,3,2,7
man,18,165,541768,never,0,2,1
man,22,183,827961,seasoned,6,2,6
woman,39,159,600995,seasoned,5,3,6
woman,30,165,731904,casual,1,5,4
man,39,168,752957,seasoned,6,2,6
man,45,176,786260,casual,2,2,4
woman,54,160,551627,regular,2,3,5
man,19,175,727267,regular,3,3,7
man,21,169,628207,never,0,2,3
woman,50,177,759506,never,0,3,2
man,50,187,846143,casual,2,5,4
woman,43,155,585175,seasoned,6,4,7
woman,20,171,681895,seasoned,6,4,9
man,46,177,579586,casual,1,6,3
woman,25,170,858052,seasoned,4,2,7
man,44,197,942333,regular,4,2,6
man,45,182,760305,casual,2,6,4
woman,38,164,504375,never,0,2,2
man,39,172,618862,casual,2,5,3
woman,52,161,637295,casual,0,5,4
man,45,191,801582,regular,4,2,7
woman,23,153,591735,casual,2,4,7
man,33,164,660549,seasoned,6,1,7
man,26,167,640627,regular,3,2,7
man,39,179,711994,regular,3,2,5
woman,22,165,577231,casual,1,4,5
man,27,186,831366,regular,5,2,4
man,37,189,724656,regular,5,4,8
woman,46,167,617237,never,0,2,2
woman,28,170,748189,seasoned,6,1,8
man,49,189,810204,casual,2,3,5
man,36,176,686450,casual,3,5,4
man,38,182,857416,regular,3,3,4
man,28,181,730859,never,0,2,1
woman,44,172,667647,regular,3,6,6
man,27,178,665124,seasoned,4,2,5
man,20,177,789652,regular,4,3,6
man,38,184,704240,never,0,1,2
woman,20,178,683586,seasoned,4,1,8
woman,44,154,594973,regular,4,4,5
man,42,186,781609,casual,3,4,5
man,50,167,619188,casual,1,6,5
man,54,169,630864,regular,3,3,5
woman,45,165,618604,casual,1,5,4
man,40,188,941334,regular,4,2,4
man,51,189,865244,casual,2,4,6
woman,34,167,666601,casual,1,4,4
man,28,170,735881,never,0,2,3
woman,36,157,495326,seasoned,3,2,6
man,26,192,862925,never,0,2,2
woman,52,162,533169,never,0,3,2
woman,24,168,732503,regular,2,5,6
man,34,173,686800,casual,2,4,4
man,39,175,880350,regular,4,3,5
man,23,175,713088,regular,3,2,5
man,26,160,666981,never,0,3,2
woman,47,168,694946,never,0,2,2
man,37,175,706820,regular,5,3,6
man,23,174,795676,casual,2,4,6
man,22,179,777577,seasoned,5,1,8
man,54,176,713775,casual,2,5,4
woman,25,161,479538,casual,1,6,4
woman,23,156,667567,seasoned,4,4,8
man,54,176,703900,regular,4,3,6
man,41,200,981869,regular,4,3,6
woman,44,154,675625,casual,1,7,4
woman,29,161,723340,never,0,2,2
man,38,181,748004,never,0,2,2
man,26,181,915883,casual,1,4,6
man,34,181,635914,regular,3,1,4
woman,38,165,688475,regular,2,5,6
man,36,194,838502,casual,1,5,4
woman,45,175,733353,casual,0,5,3
man,40,187,646926,seasoned,7,1,6
man,50,184,875861,regular,7,4,6
woman,48,166,602156,casual,1,6,4
man,37,175,835010,casual,1,5,5
man,39,179,675170,regular,7,3,5
woman,42,166,646134,casual,1,6,3
woman,51,171,743242,regular,3,1,5
man,24,176,849647,regular,5,3,6
man,43,176,855643,never,0,3,3
woman,39,169,555296,regular,2,3,5
man,18,174,891245,casual,1,4,7
man,54,177,810231,never,0,2,3
man,54,175,793152,regular,5,2,9
man,34,184,826139,never,0,1,3
man,46,178,763244,casual,1,4,3
woman,20,173,637972,regular,2,3,7
woman,19,165,740423,never,0,3,4
man,33,166,515964,seasoned,7,1,4
woman,54,153,477024,never,0,2,2
woman,41,158,627775,casual,2,4,6
woman,43,168,778490,never,0,2,3
woman,34,162,679688,never,0,2,3
man,45,178,742586,casual,2,4,4
woman,43,170,696712,regular,3,4,6
woman,50,162,555035,never,0,2,4
man,48,175,658417,seasoned,9,1,7
woman,30,165,660747,regular,2,4,5
woman,51,169,701453,casual,0,7,4
woman,18,177,682357,never,0,3,3
man,40,168,522144,casual,1,4,4
woman,28,169,676966,casual,1,5,4
man,51,179,746933,casual,2,4,5
man,25,181,845972,regular,5,2,4
man,47,181,711825,never,0,2,2
man,19,175,566562,regular,2,2,5
man,42,171,697599,seasoned,7,4,5
woman,49,165,589655,seasoned,4,1,7
woman,32,173,801316,casual,0,7,4
woman,37,166,739891,casual,1,4,5
man,29,176,782841,never,0,3,2
man,35,169,788150,never,0,2,2
woman,32,172,700188,casual,1,6,4
man,49,177,716823,regular,5,4,6
man,29,187,825953,casual,1,5,4
woman,54,155,572966,seasoned,5,2,6
man,45,169,784927,casual,2,3,6
woman,33,171,658470,regular,2,3,5
man,54,183,901219,regular,4,3,7
man,54,183,795627,seasoned,6,2,5
man,51,178,798448,casual,1,4,4
woman,33,161,661408,seasoned,4,3,6
man,43,179,785014,casual,3,3,5
woman,22,159,573373,regular,4,2,8
man,21,184,798440,regular,4,2,8
man,32,186,1040823,regular,4,3,6
man,52,187,912454,never,0,2,3
man,43,179,655425,never,0,2,2
woman,38,163,668908,never,0,2,2
woman,44,180,872748,seasoned,4,3,6
woman,27,162,559351,regular,3,3,7
man,30,178,764274,regular,3,3,6
woman,43,171,621697,casual,1,5,5
man,52,195,703462,seasoned,5,2,5
man,42,181,710360,seasoned,8,2,6
man,21,167,716469,regular,2,2,8
man,21,181,881147,casual,1,5,5
woman,20,164,602847,never,0,2,4
man,30,173,765235,regular,3,3,8
man,33,173,789166,casual,2,3,4
woman,51,163,605150,never,0,2,2
woman,40,167,786643,seasoned,4,2,7
woman,47,163,601780,regular,3,4,4
woman,42,153,546489,regular,3,3,7
man,51,178,810764,never,0,3,2
woman,23,165,634558,never,0,2,2
woman,48,161,598583,regular,4,2,5
woman,53,159,590896,regular,3,4,5
woman,22,162,485514,never,0,1,2
man,43,178,815479,casual,1,4,5
woman,51,164,783618,casual,1,5,5
man,18,177,716204,seasoned,8,1,8
woman,25,164,724267,casual,2,3,7
man,41,178,708841,never,0,2,2
man,45,187,646926,casual,2,3,4
woman,42,160,546781,seasoned,3,3,6
woman,30,169,736311,regular,3,2,5
woman,42,167,655415,never,0,3,2
man,29,184,729904,seasoned,7,3,7
woman,39,164,638573,seasoned,5,4,6
man,50,182,620005,regular,5,4,5
woman,25,164,576877,casual,2,3,4
man,26,168,583703,regular,4,2,7
woman,27,155,681627,seasoned,5,3,4
man,24,174,743386,casual,2,4,6
man,36,186,762918,casual,2,4,4
man,50,181,652062,never,0,2,3
woman,37,164,568089,regular,3,3,5
man,47,179,598996,seasoned,6,4,5
man,37,170,534650,seasoned,6,1,7
woman,48,163,636196,seasoned,3,1,5
woman,48,162,628752,casual,0,6,4
woman,49,165,695539,regular,3,2,5
man,40,169,892371,never,0,2,3
woman,24,167,672277,regular,3,3,6
woman,18,167,595373,casual,1,3,6
woman,27,165,772430,seasoned,5,3,7
man,39,189,898012,never,0,2,2
woman,52,171,746121,never,0,2,3
woman,53,171,580679,casual,1,6,4
man,20,178,638447,seasoned,6,1,7
woman,23,160,702135,seasoned,6,3,7
man,44,174,777369,regular,4,5,5
woman,28,157,671674,seasoned,4,3,8
man,38,180,818567,casual,1,5,5
woman,32,163,583817,casual,0,4,3
man,21,174,616497,seasoned,5,3,7
man,52,180,850166,never,0,2,1
woman,53,164,563708,casual,1,5,3
man,36,182,882895,seasoned,9,4,7
man,31,166,705018,casual,2,3,4
woman,25,158,503787,seasoned,7,2,6
woman,38,159,624823,regular,2,5,6
man,29,170,684068,seasoned,7,1,6
man,21,175,688824,regular,4,4,6
woman,40,166,622527,casual,1,4,4
woman,37,164,646058,casual,0,5,3
woman,26,170,643722,seasoned,4,4,6
man,18,182,829585,casual,2,4,7
man,25,175,787900,seasoned,6,3,7
man,50,186,745986,casual,2,4,5
man,26,181,848831,regular,3,4,4
woman,29,181,738533,casual,0,4,5
woman,35,165,587652,casual,1,5,4
man,28,187,664849,regular,4,3,4
woman,18,173,843610,casual,1,4,5
woman,29,165,687555,regular,3,2,5
man,32,178,755582,casual,1,4,4
man,30,178,798175,regular,4,2,5
man,38,164,705851,casual,2,3,5
man,52,186,1033557,seasoned,6,1,7
man,44,180,949558,seasoned,8,1,8
woman,29,165,706792,seasoned,4,3,7
man,32,176,806095,regular,4,4,6
man,52,186,809084,casual,2,3,5
man,33,179,872753,regular,4,4,7
woman,52,171,746793,seasoned,4,1,8
man,26,180,881619,regular,3,3,4
man,25,165,670821,never,0,1,2
woman,43,159,548843,casual,1,5,5
man,34,178,786781,regular,4,3,4
woman,53,166,620701,regular,2,4,6
man,25,165,651106,casual,1,4,3
woman,46,171,611178,never,0,2,3
man,18,185,840870,never,0,2,4
woman,29,169,694965,regular,4,4,4
man,34,194,856940,regular,6,2,5
woman,35,163,663754,regular,3,4,6
woman,40,161,589602,regular,3,4,4
woman,38,162,617039,casual,0,4,4
woman,34,164,497576,never,0,2,2
woman,43,171,638320,regular,2,4,8
woman,54,166,789398,casual,1,5,4
man,49,183,871749,seasoned,6,2,6
woman,30,161,618903,regular,4,5,6
man,34,175,705810,casual,2,5,5
man,48,172,598403,regular,6,3,5
man,22,166,601879,casual,2,4,7
woman,35,164,539475,regular,3,4,6
woman,28,160,638199,casual,2,4,4
woman,36,160,715542,never,0,2,2
woman,49,164,520789,casual,1,7,5
woman,45,157,636278,casual,1,6,5
man,27,178,818876,seasoned,6,2,7
man,44,187,646926,casual,2,6,4
man,28,181,701254,regular,3,3,6
man,36,184,797085,never,0,3,2
woman,46,169,546226,casual,0,5,3
man,53,183,923544,regular,3,4,5
woman,23,158,517816,never,0,2,1
man,22,184,836547,regular,4,2,6
woman,33,174,570391,regular,3,2,5
man,49,183,652726,never,0,2,2
man,53,170,677907,seasoned,5,1,8
man,34,182,684290,never,0,2,2
woman,18,173,553686,casual,1,6,4
woman,21,176,744347,regular,3,3,7
woman,52,168,651724,seasoned,5,3,6
woman,20,165,661719,seasoned,3,1,6
woman,50,167,748662,casual,1,4,4
man,21,183,889651,seasoned,5,3,9
man,27,178,735013,seasoned,10,1,6
woman,44,166,603366,regular,3,4,6
man,46,177,683935,seasoned,8,2,5
woman,32,177,699403,regular,2,4,5
man,32,182,924157,casual,1,3,5
man,18,183,950328,casual,2,4,6
woman,38,155,544959,seasoned,4,3,4
woman,40,159,467698,never,0,2,2
man,36,184,742185,casual,2,4,4
man,26,174,824198,casual,2,6,5
woman,53,167,629224,regular,2,4,6
man,41,180,741040,seasoned,6,2,5
woman,45,166,674977,regular,2,2,5
man,41,182,769641,regular,6,3,5
man,26,175,829918,never,0,2,3
woman,39,151,474327,casual,1,5,4
woman,35,153,600510,casual,1,6,5
woman,45,162,577834,casual,1,4,5
man,36,188,793358,regular,4,2,6
woman,46,165,685891,casual,1,6,5
man,42,185,798467,regular,4,4,7
man,39,163,622761,seasoned,10,2,5
man,47,169,677993,regular,6,4,5
woman,32,160,607211,casual,1,4,5
woman,44,167,694907,casual,1,6,3
woman,54,173,616868,regular,3,2,4
woman,46,169,559835,never,0,2,2
man,30,188,661578,regular,4,3,6
woman,34,164,558220,regular,3,5,5
man,18,177,873175,regular,3,4,9
woman,40,169,745212,seasoned,4,1,6
man,22,181,832508,regular,4,2,7
woman,19,169,762151,regular,5,4,8
man,52,170,593049,regular,6,3,6
man,52,171,799451,never,0,2,2
man,27,179,711052,casual,2,4,4
man,51,168,689329,casual,3,6,5
man,49,186,951852,casual,1,6,4
man,27,183,863939,regular,4,2,4
woman,37,153,433066,regular,4,5,5
woman,53,162,649461,never,0,3,3
man,33,178,1003989,regular,6,4,5
man,37,184,975829,casual,2,5,5
woman,34,161,608286,seasoned,3,2,6
man,54,178,805988,regular,4,3,5
man,45,175,751669,casual,1,5,3
man,39,182,617511,casual,2,3,4
woman,40,154,541166,never,0,3,1
man,29,175,809041,regular,5,4,8
woman,30,150,440848,regular,3,3,6
woman,30,165,763226,seasoned,5,3,9
man,45,178,871915,never,0,2,4
woman,23,162,723952,casual,0,5,6
woman,38,160,546303,seasoned,3,3,7
man,30,184,809768,never,0,1,2
man,54,174,768195,casual,2,4,5
woman,35,166,509786,never,0,2,3
man,26,167,644111,seasoned,5,2,5
man,28,170,746130,regular,5,4,7
man,25,173,610130,regular,3,4,6
man,45,172,794801,seasoned,7,4,5
woman,36,161,604254,casual,1,3,4
woman,44,167,573312,never,0,2,4
woman,26,168,806163,regular,3,5,7
woman,51,173,654806,seasoned,4,2,5
woman,39,159,603851,never,0,3,4
woman,22,165,632446,casual,1,6,6
woman,28,166,585946,seasoned,4,1,9
woman,47,168,650048,seasoned,4,4,6
woman,38,165,615209,casual,1,8,5
woman,52,172,663989,casual,1,4,3
man,25,175,841015,seasoned,5,2,9
man,51,161,570917,never,0,2,3
man,24,180,689439,casual,2,4,4
woman,41,157,539115,regular,2,3,5
woman,33,164,602793,seasoned,3,4,7
man,19,188,999824,seasoned,6,3,9
man,40,186,844872,seasoned,7,2,8
woman,26,154,623236,casual,0,4,4
man,49,187,789494,regular,4,5,4
man,26,169,734508,never,0,2,2
woman,42,171,799187,regular,2,4,4
man,38,170,616009,seasoned,8,1,5
man,35,173,812135,seasoned,7,2,6
man,44,174,761359,regular,5,2,4
man,53,164,596282,seasoned,9,1,5
man,46,183,619546,casual,1,4,4
woman,53,165,646121,casual,1,5,4
woman,53,167,602321,never,0,3,3
man,28,170,771084,casual,1,7,4
woman,52,163,694433,regular,2,4,6
woman,48,166,767065,regular,3,2,7
woman,24,170,732721,casual,1,5,6
woman,45,169,596588,regular,2,4,6
woman,44,163,491526,regular,2,3,4
woman,19,157,605587,casual,1,6,7
woman,38,166,595390,never,0,2,3
woman,33,155,639606,seasoned,5,2,8
man,31,179,748397,casual,2,5,4
woman,51,167,734896,casual,1,5,5
woman,40,166,737757,seasoned,5,2,7
woman,40,160,600281,never,0,2,3
woman,46,175,807241,seasoned,3,3,8
man,36,170,732569,regular,3,3,5
woman,25,165,573170,seasoned,4,3,5
woman,28,177,750066,regular,3,3,6
woman,24,157,580560,regular,3,3,5
man,21,176,891234,casual,1,5,6
woman,42,165,503662,never,0,2,2
man,42,189,737519,casual,2,5,4
woman,27,174,890768,casual,1,5,4
woman,21,171,724153,regular,3,3,8
woman,45,165,647220,casual,1,5,4
woman,39,172,748490,casual,1,5,6
woman,25,150,473699,seasoned,7,1,8
woman,38,167,546096,never,0,2,2
woman,54,162,666947,seasoned,3,1,7
woman,42,164,655288,casual,1,3,4
man,49,163,696770,seasoned,8,1,6
woman,30,163,683490,seasoned,3,3,5
man,31,193,960622,seasoned,4,3,8
man,43,172,754326,regular,3,4,6
woman,35,172,645358,regular,2,4,6
woman,33,165,570067,seasoned,3,1,6
woman,30,172,654341,casual,2,4,5
man,39,174,824528,never,0,2,2
man,54,176,643995,regular,5,2,6
woman,25,162,537434,never,0,3,2
man,38,193,1072150,casual,1,5,4
woman,44,173,746411,regular,2,4,5
man,19,178,738755,casual,1,5,4
man,50,184,1027926,never,0,2,3
woman,51,173,753463,seasoned,4,3,8
man,35,193,1042749,casual,1,4,4
woman,35,172,674850,casual,0,4,4
woman,22,176,813499,casual,1,7,7
woman,26,154,493866,never,0,3,1
woman,38,171,640331,seasoned,4,3,9
man,45,164,649291,casual,1,4,5
man,33,181,838722,seasoned,6,3,5
man,42,184,751909,seasoned,6,2,7
woman,51,162,699380,casual,0,5,4
man,31,180,722370,casual,1,6,5
man,18,180,713833,regular,4,4,5
man,40,179,887140,never,0,2,3
man,49,177,814647,seasoned,6,2,8
woman,31,164,598519,casual,2,4,5
man,49,177,764198,seasoned,5,1,6
man,48,173,706691,never,0,2,2
woman,38,168,751735,casual,1,4,4
man,22,172,945044,casual,2,3,7
man,50,177,821485,regular,3,3,6
man,53,176,708276,seasoned,7,1,7
man,34,177,893273,seasoned,9,2,9
woman,46,156,546309,regular,2,3,6
man,24,166,700325,never,0,2,3
man,51,187,736890,seasoned,11,2,7
man,36,190,848127,casual,1,3,5
woman,34,164,662617,seasoned,4,2,6
woman,34,169,754936,regular,2,3,5
woman,30,164,678756,seasoned,3,1,6
man,33,186,677106,regular,4,2,6
woman,24,176,806814,seasoned,6,2,10
man,29,171,825030,regular,5,2,5
man,30,170,793050,casual,0,4,4
woman,50,159,603296,never,0,2,3
man,35,189,1116019,seasoned,6,1,10
man,21,182,944974,seasoned,7,1,8
woman,43,167,660825,casual,1,5,4
man,20,175,827025,casual,2,6,6
woman,18,175,648402,never,0,2,3
man,43,185,734646,casual,2,4,5
woman,29,179,834549,seasoned,5,2,7
man,40,181,724004,casual,3,6,4
man,51,174,1058846,seasoned,6,1,8
woman,36,168,713631,casual,1,5,4
man,43,182,612794,never,0,3,2
woman,51,161,650341,never,0,2,2
woman,21,160,659208,regular,2,3,4
woman,27,170,629527,seasoned,6,2,7
woman,41,171,618234,casual,1,5,4
woman,41,158,693252,casual,1,5,5
woman,44,163,726911,casual,2,5,6
man,50,174,583048,seasoned,5,2,6
man,47,180,745852,casual,3,6,5
man,35,189,845186,casual,1,4,6
man,43,173,607846,regular,5,3,6
man,54,180,725102,regular,6,3,4
man,30,180,856246,regular,3,3,5
man,32,177,904138,never,0,2,3
man,44,181,829236,seasoned,7,1,7
man,45,170,816758,seasoned,9,2,7
woman,32,164,595084,regular,2,3,7
woman,54,164,664211,casual,2,4,4
man,45,177,721768,casual,2,3,4
woman,43,160,752542,regular,2,4,5
man,51,163,596801,seasoned,8,2,6
man,39,171,686094,regular,3,3,6
man,45,178,586154,casual,2,4,4
man,24,177,688817,never,0,2,1
woman,27,173,631769,casual,1,3,5
woman,48,165,712581,casual,1,5,4
woman,27,165,660739,regular,3,5,4
man,38,171,616715,regular,5,4,3
man,37,176,693424,casual,3,6,4
woman,36,165,699002,seasoned,3,2,6
man,24,170,664521,regular,5,4,6
woman,22,173,663527,regular,2,3,6
woman,44,161,676436,casual,1,6,4
woman,49,171,719223,regular,2,4,5
woman,25,170,668305,seasoned,7,2,6
woman,21,167,618935,seasoned,3,5,9
man,47,175,858993,regular,2,3,5
man,51,168,659725,seasoned,5,3,5
woman,19,159,546637,never,0,2,2
woman,41,161,679023,seasoned,3,2,7
man,23,175,719476,regular,4,1,6
man,20,190,822886,casual,2,6,5
man,33,191,891671,regular,3,3,6
man,19,180,695005,seasoned,4,2,7
man,44,182,765183,regular,5,3,3
woman,22,161,639466,never,0,2,2
man,33,161,780901,never,0,2,3
man,47,175,678329,never,0,2,4
man,36,184,674664,regular,4,5,4
woman,28,168,768138,regular,5,2,6
man,19,175,904817,seasoned,5,2,8
woman,38,165,672194,never,0,2,2
woman,22,163,646328,never,0,2,3
woman,44,162,510738,seasoned,4,3,5
man,38,164,584072,regular,5,2,6
woman,54,172,736338,never,0,1,1
man,44,186,1022246,casual,2,4,4
man,26,179,806219,seasoned,5,1,9
woman,35,162,689422,seasoned,4,2,9
man,41,184,811353,casual,1,3,4
man,32,184,982912,never,0,2,2
woman,51,170,534650,casual,1,6,4
man,49,183,796750,seasoned,7,1,5
man,33,175,766610,casual,1,4,4
man,35,181,990208,casual,2,4,5
woman,48,154,506633,never,0,2,1
man,37,182,756146,casual,2,3,4
woman,49,166,651861,seasoned,5,2,5
man,23,177,723656,regular,4,2,7
woman,35,175,658289,seasoned,4,1,7
man,20,184,753182,never,0,2,2
man,30,187,931237,seasoned,7,1,6
woman,42,158,599143,regular,3,3,4
man,29,189,997869,casual,1,3,4
woman,47,174,680086,regular,2,2,3
man,50,172,778514,casual,2,4,4
woman,22,167,739429,casual,1,5,5
man,19,176,872503,seasoned,6,2,8
woman,31,165,704317,casual,1,5,4
man,26,183,787888,never,0,2,2
woman,36,157,645676,never,0,3,3
woman,54,170,791590,casual,1,4,5
woman,49,171,748005,casual,0,4,5
man,40,178,652211,never,0,1,1
man,29,180,633882,seasoned,8,1,7
man,50,180,772963,casual,2,3,4
man,38,184,870952,casual,2,3,6
man,22,170,724615,seasoned,8,2,7
man,37,189,826752,regular,3,3,6
man,42,176,705613,never,0,2,2
man,49,183,676669,regular,3,4,7
woman,33,164,563959,casual,1,5,3
man,37,174,827286,regular,6,3,4
woman,34,166,727524,seasoned,4,3,9
woman,33,163,691087,regular,2,3,6
man,37,180,721314,regular,4,3,5
man,32,182,890613,casual,1,4,4
woman,53,165,673103,never,0,3,3
woman,39,165,775080,never,0,2,2
woman,19,173,805334,regular,2,5,7
woman,31,168,689982,casual,1,5,4
man,32,176,768395,never,0,2,2
man,52,174,740331,never,0,2,2
man,19,169,722498,casual,1,6,4
woman,44,171,822308,never,0,2,4
man,45,166,674310,regular,5,5,5
woman,25,166,517387,casual,1,3,4
man,31,178,586154,never,0,2,1
man,28,189,743968,casual,1,3,4
man,42,177,671296,regular,4,3,4
man,31,178,877329,casual,3,3,5
woman,46,175,830556,regular,2,4,7
man,50,172,716484,casual,1,5,6
man,41,178,743913,casual,1,4,4
man,34,190,852901,seasoned,6,2,5
woman,30,161,604637,regular,2,5,5
woman,53,170,620073,regular,2,3,5
man,40,177,721194,casual,3,4,4
man,43,183,797445,regular,5,2,5
woman,44,161,622549,regular,4,4,5
man,48,182,704030,seasoned,7,4,7
man,39,189,801532,never,0,2,4
man,46,179,798048,regular,4,2,5
woman,29,163,577984,never,0,3,3
woman,52,160,629319,casual,1,5,5
man,29,189,975026,never,0,2,4
woman,37,171,905711,never,0,4,3
man,40,181,667419,seasoned,7,1,6
woman,52,165,598525,seasoned,4,4,8
woman,51,169,875277,regular,3,5,6
woman,35,163,662714,casual,1,3,5
man,42,182,797842,never,0,2,4
woman,53,160,514160,regular,2,3,7
man,19,190,895052,casual,2,4,7
woman,36,171,669028,never,0,2,2
man,46,184,960195,never,0,3,3
man,18,177,645674,regular,3,3,7
man,34,173,617011,never,0,2,3
man,54,180,935146,casual,2,3,5
man,45,193,898428,seasoned,8,3,7
man,43,170,652036,casual,2,5,4
woman,46,176,573056,seasoned,5,2,6
woman,40,161,633129,never,0,2,2
woman,23,173,733504,casual,1,6,5
man,30,168,779201,regular,5,3,5
man,23,174,585042,seasoned,8,3,8
woman,41,169,904618,casual,1,4,6
man,40,187,790270,casual,1,5,5
woman,41,168,646448,regular,3,2,6
man,27,183,695277,regular,5,3,6
woman,34,161,730401,regular,3,3,8
woman,26,170,741594,casual,2,4,4
man,36,179,722482,regular,6,1,5
man,27,180,661116,casual,3,2,4
woman,52,166,660585,seasoned,4,1,8
man,40,175,696110,seasoned,10,2,4
woman,46,179,810945,regular,2,3,6
woman,54,163,491526,casual,1,4,5
woman,27,155,511376,casual,1,4,5
man,45,161,521424,casual,2,4,4
woman,48,164,761840,never,0,2,2
woman,51,162,672278,seasoned,4,3,7
woman,22,173,582491,never,0,2,4
man,48,193,768299,casual,1,4,5
man,46,181,761638,regular,5,2,7
man,30,172,668765,casual,1,4,5
woman,19,176,731093,never,0,2,1
woman,29,165,556173,casual,1,7,6
woman,35,161,574108,casual,0,6,4
woman,47,161,547914,casual,1,5,5
man,37,192,955236,seasoned,8,2,8
woman,36,161,616317,never,0,2,2
woman,37,169,654953,never,0,1,3
woman,20,167,738297,casual,1,5,6
woman,45,163,719087,never,0,2,2
woman,28,156,492560,never,0,2,3
man,40,185,783771,seasoned,8,2,7
woman,20,162,682276,regular,3,3,7
man,29,181,674409,regular,5,1,4
man,53,177,986948,seasoned,5,4,7
woman,28,163,504452,seasoned,5,3,7
man,52,185,817702,regular,4,4,6
woman,18,163,635491,casual,1,5,5
woman,52,164,647545,regular,2,4,5
woman,32,165,669893,never,0,3,2
man,23,168,735535,never,0,2,2
woman,54,157,563581,seasoned,4,4,8
man,39,174,560106,seasoned,7,1,5
woman,47,175,726040,never,0,3,2
woman,48,166,686016,casual,1,3,5
woman,51,165,761098,casual,1,4,5
man,49,177,857936,never,0,2,2
man,36,179,799247,never,0,2,2
man,46,160,473600,casual,1,3,4
man,20,181,737257,regular,4,4,5
man,36,174,590924,never,0,2,2
woman,23,172,887758,never,0,2,5
man,43,177,749514,seasoned,7,1,7
man,31,187,811527,regular,5,2,6
man,32,181,817696,never,0,2,2
woman,43,155,549939,regular,2,3,3
woman,22,160,759524,never,0,2,5
man,47,164,700423,seasoned,9,2,6
man,46,182,913162,seasoned,5,2,8
woman,21,164,551722,casual,2,4,3
woman,41,168,560815,seasoned,4,1,6
man,49,178,650325,regular,5,2,5
man,44,178,703978,casual,2,4,5
woman,45,172,722153,casual,1,5,4
woman,25,159,626460,never,0,1,2
woman,39,176,799032,seasoned,3,1,8
woman,31,167,725061,casual,1,3,5
woman,20,167,569224,seasoned,5,2,6
man,49,182,697732,regular,4,2,5
man,40,168,662221,casual,1,2,5
man,46,168,781336,regular,5,3,5
man,52,172,709466,regular,4,5,8
man,31,185,838524,seasoned,7,3,7
man,42,184,857981,regular,3,3,4
man,40,182,760538,regular,6,5,7
man,47,181,656422,casual,2,5,6
man,22,183,695370,regular,3,4,7
woman,43,162,696451,regular,2,5,4
woman,20,169,644550,regular,3,3,6
man,37,174,803117,seasoned,10,3,7
man,21,180,789029,seasoned,6,2,7
man,21,182,873995,regular,4,2,9
woman,39,166,702599,never,0,3,2
man,50,179,669365,regular,5,2,6
man,22,185,695814,regular,3,3,8
woman,24,169,656597,regular,3,4,5
man,25,180,733957,regular,3,3,5
man,53,185,828719,never,0,2,3
man,27,173,553686,casual,1,3,4
woman,49,169,747871,never,0,3,3
woman,22,172,602275,casual,0,5,6
woman,35,174,770269,regular,4,2,4
man,47,172,807396,regular,4,4,4
man,50,190,782920,regular,4,3,8
woman,36,166,791884,regular,3,2,6
man,23,180,773680,seasoned,6,4,5
woman,28,173,703229,regular,3,6,5
man,45,181,694668,regular,3,4,7
man,19,177,652277,seasoned,7,3,8
woman,23,169,695848,regular,4,5,6
woman,46,168,659040,seasoned,4,3,7
woman,42,159,528012,regular,2,4,6
woman,20,162,601048,seasoned,6,3,7
man,29,187,841657,casual,1,4,4
man,19,179,852758,seasoned,6,2,9
man,28,172,721775,casual,1,3,4
man,39,185,790038,regular,5,3,4
man,33,169,749322,never,0,2,2
woman,48,162,543476,never,0,2,1
woman,32,158,717624,regular,3,2,4
woman,52,155,509783,casual,1,3,5
man,26,166,529633,casual,1,4,4
woman,42,172,787724,seasoned,4,3,7
woman,50,158,514317,casual,1,4,4
woman,32,165,567133,casual,1,5,4
man,47,182,905448,seasoned,7,1,6
woman,19,168,800969,seasoned,3,5,10
man,43,177,719306,casual,0,2,5
man,32,188,915384,seasoned,6,2,7
woman,46,168,699153,never,0,2,2
woman,37,159,507525,regular,3,2,5
woman,31,158,644658,casual,1,6,5
man,49,168,637339,seasoned,7,3,5
woman,46,167,713177,seasoned,3,4,8
man,50,177,736381,never,0,3,3
woman,22,178,838571,casual,1,6,5
man,37,164,524538,regular,5,4,6
man,46,187,774565,seasoned,8,3,7
woman,21,157,546164,casual,1,4,4
woman,43,162,619895,seasoned,5,3,5
woman,34,172,635556,casual,1,6,5
woman,42,163,597558,casual,1,3,5
woman,22,174,811160,casual,1,6,6
woman,42,159,651706,casual,2,3,5
man,36,174,560106,never,0,2,2
man,18,178,894881,seasoned,5,2,7
man,36,168,687113,casual,1,4,3
woman,33,175,804118,regular,3,4,4
man,18,172,667150,never,0,2,3
woman,43,158,521657,regular,3,5,4
woman,32,156,592922,regular,2,5,6
woman,39,171,805463,never,0,1,2
man,52,185,794905,regular,4,4,5
woman,29,158,705829,never,0,2,3
man,53,160,640463,regular,5,2,5
woman,28,167,725057,never,0,3,2
woman,29,165,664295,seasoned,4,1,6
woman,36,168,784051,regular,5,3,7
woman,44,162,546927,never,0,3,3
woman,23,166,575708,casual,1,4,4
man,44,182,787851,never,0,3,2
man,46,181,746072,never,0,2,2
woman,45,161,615647,seasoned,4,3,6
woman,52,157,505926,never,0,2,2
man,42,165,736523,casual,1,5,5
woman,46,151,560402,casual,1,6,4
woman,33,162,485514,regular,3,5,4
woman,18,165,510980,never,0,2,2
man,45,182,701905,casual,2,5,3
man,30,181,693285,seasoned,7,4,6
man,31,175,589039,seasoned,6,1,4
man,46,189,870214,regular,3,3,5
man,54,167,676142,never,0,2,3
man,18,178,774038,seasoned,5,1,8
man,23,183,821731,never,0,2,2
man,38,186,815062,seasoned,7,2,5
man,44,186,978592,regular,7,1,6
man,31,185,813076,seasoned,7,2,7
woman,32,160,597237,casual,1,4,4
man,21,175,769908,regular,5,3,10
man,22,173,583022,casual,1,3,4
woman,22,162,595192,casual,1,4,4
man,20,178,759309,seasoned,7,2,8
man,43,183,858748,casual,2,4,5
man,40,186,831216,seasoned,6,2,6
man,39,181,789752,seasoned,9,2,8
woman,30,178,934960,casual,1,4,6
woman,31,159,467698,never,0,3,2
man,25,177,754715,seasoned,5,1,6
man,27,176,643601,regular,6,5,8
man,21,184,650949,regular,3,1,6
woman,20,164,710614,never,0,2,3
man,44,170,750900,seasoned,9,2,8
man,50,181,760092,never,0,3,3
woman,29,158,647374,regular,4,4,4
woman,45,164,565070,casual,1,3,4
woman,20,166,692182,casual,1,3,6
man,42,174,756384,casual,3,3,3
man,26,172,630976,never,0,2,2
man,31,185,689360,casual,2,3,4
man,33,181,715777,never,0,2,2
man,46,177,592498,regular,6,4,5
woman,33,172,682187,casual,1,5,5
man,41,175,799545,seasoned,7,2,6
man,35,178,704198,seasoned,8,4,4
man,19,180,789602,never,0,2,3
man,34,171,697263,regular,3,2,6
woman,28,174,560106,regular,3,3,7
man,28,170,564646,never,0,1,2
woman,23,161,598941,regular,2,4,9
woman,50,164,688052,never,0,3,3
woman,29,168,704941,regular,3,2,5
woman,42,172,745470,never,0,2,3
woman,30,168,594201,casual,1,4,3
woman,52,161,684511,casual,1,6,6
woman,24,156,606736,regular,3,5,6
man,38,176,623450,regular,5,3,5
woman,53,159,718308,regular,2,4,7
man,49,167,714095,seasoned,6,2,6
man,30,184,701994,regular,5,3,5
man,31,183,828585,casual,1,4,5
man,45,179,592758,casual,2,4,3
woman,43,164,746153,casual,1,3,5
woman,35,162,626344,casual,1,5,5
woman,32,163,678796,seasoned,4,1,9
man,23,174,727112,casual,1,5,6
man,51,184,907116,regular,3,3,6
man,30,175,725838,seasoned,4,2,8
woman,40,166,789700,regular,2,3,5
man,46,185,1028965,seasoned,6,2,8
man,49,177,798384,casual,2,5,6
woman,27,177,812270,regular,3,4,6
woman,20,161,623169,casual,2,6,4
man,22,180,626780,casual,1,5,4
man,25,171,619950,casual,2,2,3
man,25,175,697085,never,0,2,2
man,42,196,761032,seasoned,10,2,5
woman,50,165,740802,casual,1,3,5
man,30,187,1018262,never,0,2,2
woman,52,170,645307,casual,1,4,4
woman,45,167,582171,casual,1,4,4
woman,35,161,559178,casual,1,5,4
woman,37,170,628898,casual,1,4,4
woman,31,172,778678,casual,1,3,6
woman,46,168,715378,regular,3,5,7
man,35,192,814625,regular,5,1,6
man,44,178,911537,casual,3,4,4
woman,41,162,722670,never,0,3,3
man,34,176,776751,seasoned,9,2,6
man,22,180,660402,regular,4,3,7
woman,44,167,744737,regular,3,2,6
woman,39,166,823997,seasoned,4,2,6
woman,49,171,732377,casual,0,6,4
man,44,184,964502,seasoned,6,3,7
woman,54,166,599075,regular,2,5,5
man,45,176,690710,never,0,1,2
man,24,179,702109,casual,1,4,5
man,30,173,802912,seasoned,8,2,8
man,34,190,939130,casual,1,3,4
woman,37,173,901241,never,0,2,2
woman,27,167,739438,casual,1,6,4
man,21,175,818639,casual,2,3,5
man,18,184,658973,casual,2,5,4
woman,53,164,615428,regular,2,5,5
man,35,178,796076,seasoned,8,1,5
man,30,184,756644,never,0,2,2
woman,30,166,698646,regular,2,4,7
woman,46,156,450216,seasoned,4,3,4
woman,35,156,452879,never,0,2,3
woman,19,157,654431,casual,1,5,7
man,43,178,854674,regular,5,2,4
woman,35,161,584994,never,0,3,2
woman,41,174,703014,regular,3,3,5
man,27,176,738375,casual,2,3,4
man,25,181,763336,regular,3,5,7
man,38,184,806610,casual,2,4,5
woman,36,158,676635,seasoned,6,2,8
woman,34,165,579137,regular,2,3,6
woman,27,164,700576,regular,4,6,7
woman,39,164,595419,never,0,3,2
woman,38,165,559628,casual,1,5,4
man,43,167,623495,casual,0,3,4
woman,20,159,611332,seasoned,5,2,6
woman,29,169,528378,casual,1,6,3
woman,24,171,768369,never,0,3,4
man,43,177,907233,never,0,2,3
man,20,181,869875,regular,3,3,9
man,21,181,926575,casual,2,4,5
man,26,182,672846,seasoned,8,3,5
man,36,166,669631,regular,3,2,4
man,45,187,980093,never,0,1,1
woman,26,170,704827,regular,3,3,7
woman,42,169,804728,regular,4,4,5
man,24,163,587395,regular,3,3,7
woman,35,155,486530,regular,2,2,6
woman,39,172,679616,never,0,3,3
woman,24,175,753399,seasoned,5,4,9
man,50,184,947552,regular,4,1,5
woman,49,165,512837,never,0,2,3
woman,22,160,723532,casual,1,5,6
woman,33,165,690241,regular,2,5,7
woman,20,159,773113,seasoned,5,1,8
woman,50,160,619753,regular,3,5,6
man,40,192,850721,never,0,2,3
woman,30,160,523560,casual,1,5,4
woman,37,170,748871,casual,2,5,5
man,19,177,687165,regular,3,3,7
woman,45,166,704079,casual,1,5,6
man,46,176,764705,seasoned,8,2,5
woman,31,164,682231,regular,4,3,4
woman,28,174,560106,regular,4,5,5
man,33,180,852210,seasoned,8,1,10
woman,36,168,529507,seasoned,3,4,5
woman,52,170,718690,never,0,3,3
woman,51,175,760858,seasoned,3,3,7
man,36,172,677284,seasoned,7,3,6
woman,32,162,744314,regular,1,4,4
woman,26,164,682986,seasoned,5,2,6
woman,37,166,519510,casual,1,4,3
man,35,186,973202,regular,3,3,5
woman,24,164,568876,casual,1,4,5
man,25,190,720435,seasoned,8,3,6
man,41,168,640005,regular,4,4,6
woman,39,164,564160,seasoned,3,2,6
man,32,191,754801,regular,4,3,5
woman,52,165,659076,seasoned,3,3,6
man,38,184,714411,regular,5,3,7
woman,41,172,711586,casual,1,5,5
man,32,191,919241,regular,5,2,5
man,52,188,893309,regular,4,4,5
woman,36,169,672838,casual,0,5,4
man,18,186,778369,seasoned,6,2,8
man,38,165,532377,casual,1,5,4
man,47,179,722419,regular,6,3,5
woman,39,170,747264,casual,1,4,3
man,43,182,769597,casual,1,4,5
man,40,174,797212,casual,1,5,6
woman,38,156,673310,casual,1,3,4
woman,47,173,702937,seasoned,4,4,5
woman,31,160,605676,seasoned,5,2,5
woman,50,172,671270,never,0,2,2
man,20,174,740301,regular,3,4,4
man,38,176,766603,never,0,2,3
man,25,175,819451,seasoned,6,2,7
man,51,180,902401,casual,0,4,5
woman,41,152,621852,never,0,2,3
man,46,176,766494,casual,1,4,4
man,43,187,729403,casual,2,5,5
woman,32,164,753512,seasoned,4,2,5
man,20,165,569665,casual,2,4,5
man,43,178,698840,casual,2,3,4
man,25,168,766942,seasoned,5,1,6
woman,51,160,701616,regular,3,3,5
woman,26,158,511926,regular,4,5,4
man,47,173,730763,regular,6,2,6
woman,38,166,590542,casual,1,4,4
man,38,172,666269,seasoned,7,2,6
man,51,165,717769,never,0,1,2
woman,26,156,518347,regular,2,3,5
woman,23,166,660017,seasoned,4,3,8
man,47,169,835737,regular,4,4,6
woman,25,169,589951,never,0,4,2
woman,46,166,652875,seasoned,4,4,6
woman,43,171,741347,regular,3,2,6
woman,45,166,688279,regular,3,3,5
woman,29,166,757651,seasoned,5,4,7
woman,34,178,634480,seasoned,3,1,5
man,34,180,869329,never,0,2,2
woman,34,157,550959,never,0,2,2
woman,29,161,652760,never,0,2,1
man,51,180,710765,regular,4,3,4
man,53,181,772088,regular,4,2,7
man,18,168,794096,never,0,2,3
woman,41,161,575874,casual,1,6,4
man,38,191,730549,never,0,2,2
woman,36,164,649254,casual,1,5,4
woman,19,176,718969,regular,2,3,6
woman,48,153,547819,casual,1,6,5
man,22,171,753543,regular,4,3,4
woman,28,160,503600,seasoned,5,3,6
man,49,171,758005,seasoned,8,2,5
woman,42,156,594215,never,0,2,2
woman,23,172,702796,regular,3,5,6
woman,31,172,708071,regular,2,4,5
woman,51,167,606116,casual,1,7,4
woman,33,160,678065,seasoned,4,2,9
woman,41,169,794122,regular,2,5,5
woman,50,158,597924,casual,2,6,4
man,40,175,788446,casual,0,5,4
woman,27,156,637105,casual,1,5,5
woman,50,158,558480,regular,3,3,4
woman,26,158,503678,casual,2,3,6
man,37,189,774743,never,0,2,3
man,28,176,720469,seasoned,6,3,5
woman,53,169,678289,regular,3,4,5
woman,48,167,736150,casual,1,5,6
man,54,187,1098792,casual,1,5,5
man,20,177,722711,seasoned,8,2,7
woman,27,162,646422,never,0,2,1
woman,18,175,681002,never,0,3,4
man,51,177,579586,casual,2,3,5
woman,27,156,548618,casual,1,3,4
woman,42,159,551552,never,0,2,2
woman,53,160,668537,regular,2,2,6
man,51,183,910357,never,0,2,3
woman,25,166,654987,never,0,2,2
man,27,177,805763,seasoned,6,3,6
man,29,183,855424,casual,1,4,5
woman,23,162,560600,regular,4,4,10
man,49,182,850284,never,0,1,3
man,28,179,698699,regular,5,1,5
man,32,181,861677,never,0,3,3
woman,33,176,823629,regular,4,2,6
woman,21,163,589347,regular,4,3,6
woman,35,165,659019,seasoned,3,1,5
man,44,177,693830,never,0,2,2
woman,25,170,651239,casual,0,6,4
man,54,177,850789,regular,3,2,7
man,38,185,645676,casual,3,6,4
man,49,175,726545,seasoned,7,2,5
man,31,179,867895,regular,4,4,6
man,32,181,706114,casual,2,4,3
woman,39,165,728058,casual,1,6,4
woman,21,157,657621,never,0,2,5
man,33,179,751416,never,0,2,3
man,48,174,560106,casual,1,4,3
man,50,165,705431,never,0,2,3
woman,33,168,665561,seasoned,6,1,5
man,44,179,791050,regular,5,4,5
man,50,174,689025,regular,4,3,4
woman,52,161,574346,casual,1,5,4
woman,48,172,570686,seasoned,3,5,5
man,25,186,802120,seasoned,7,1,6
woman,41,161,642307,seasoned,4,3,6
man,23,173,694635,seasoned,6,1,8
woman,42,164,722931,regular,2,6,5
woman,41,174,683316,regular,2,5,5
woman,37,180,655739,casual,0,6,4
man,27,190,803867,casual,1,5,5
woman,32,158,619692,regular,3,3,5
woman,38,177,939127,regular,2,3,5
woman,39,157,500656,seasoned,3,3,7
woman,46,168,748099,regular,2,2,5
man,34,176,653864,seasoned,8,3,7
woman,24,150,468233,seasoned,5,2,10
man,31,167,680648,regular,3,3,4
man,23,171,700842,seasoned,6,1,8
man,46,185,880496,seasoned,6,1,9
woman,31,169,776973,never,0,3,4
woman,47,158,716533,casual,1,6,5
man,47,176,774459,casual,1,5,3
woman,49,155,604832,never,0,2,2
woman,45,169,715155,casual,1,4,5
woman,41,168,522144,never,0,3,2
man,21,187,819551,casual,1,4,6
woman,53,160,582647,seasoned,3,4,5
man,19,182,718871,seasoned,6,2,6
woman,54,160,521268,regular,2,6,6
man,40,181,800517,never,0,3,2
woman,51,162,526333,casual,0,6,4
woman,35,168,637418,seasoned,4,2,6
man,21,177,823930,casual,2,4,5
man,49,177,704631,regular,6,3,6
woman,26,167,745729,regular,4,4,7
woman,51,166,573465,casual,2,6,4
woman,50,158,650746,regular,3,4,7
man,19,170,660253,never,0,2,2
man,44,175,697689,never,0,2,2
woman,44,168,721603,casual,1,5,6
woman,35,159,612628,seasoned,3,4,5
man,37,177,806565,never,0,2,4
woman,45,170,571043,regular,4,4,5
man,51,175,897410,regular,4,3,4
woman,34,167,611652,never,0,2,2
man,51,173,553686,regular,3,4,4
man,43,180,979457,regular,4,3,8
woman,47,168,737430,casual,1,6,4
woman,40,163,770423,casual,1,6,5
man,44,175,859565,never,0,1,2
man,37,169,608969,seasoned,7,2,9
woman,20,167,678945,seasoned,5,3,10
woman,48,159,765272,casual,1,5,6
man,22,182,900485,regular,3,2,8
man,22,184,862396,casual,2,4,4
woman,42,167,727647,regular,3,2,5
man,18,182,670804,casual,0,5,5
man,46,193,908064,casual,0,4,4
woman,32,165,641172,casual,1,6,4
woman,20,158,654198,regular,3,4,7
woman,50,165,628726,casual,0,4,4
woman,24,151,477467,casual,1,6,4
woman,34,164,612850,regular,3,3,5
man,52,175,693431,regular,5,3,6
woman,19,168,728715,casual,1,5,5
man,27,182,855754,casual,2,4,4
man,54,182,735087,regular,5,3,4
woman,27,160,632773,seasoned,5,2,8
woman,34,161,758283,regular,3,2,7
woman,27,170,878931,casual,1,4,5
woman,43,154,475170,never,0,2,3
man,20,184,967398,regular,3,3,7
woman,21,162,661888,casual,1,5,5
man,40,165,735260,seasoned,8,3,7
man,43,174,706488,never,0,2,2
woman,34,158,549776,seasoned,3,2,5
woman,25,160,644493,never,0,3,3
man,18,170,796230,casual,2,6,5
man,46,177,715938,casual,2,3,6
man,23,182,942508,casual,2,3,6
man,21,173,821162,regular,3,5,6
woman,43,150,529358,regular,3,3,5
man,37,191,785434,casual,0,5,5
man,20,184,803727,casual,2,6,6
woman,47,171,816377,regular,1,3,5
woman,51,168,598459,regular,3,3,6
man,29,184,853790,never,0,2,2
woman,27,174,708419,never,0,2,3
man,44,166,553305,never,0,2,3
man,38,183,625530,seasoned,7,2,5
woman,25,161,651745,regular,2,4,7
man,18,168,692398,casual,1,4,6
woman,53,158,571320,casual,0,6,5
woman,46,155,722218,casual,1,4,6
man,53,163,621321,seasoned,6,2,7
woman,43,158,461834,regular,3,3,5
woman,20,172,764638,seasoned,4,3,7
man,46,182,987533,seasoned,7,2,5
woman,33,162,626801,never,0,2,2
woman,51,169,703477,never,0,2,2
woman,22,166,658883,regular,3,6,5
man,28,180,775566,casual,2,4,3
man,35,173,615044,seasoned,10,2,6
woman,32,167,732338,never,0,3,3
man,41,174,870241,never,0,2,2
man,28,174,851709,casual,1,5,5
man,32,182,994679,never,0,2,2
man,44,177,682361,regular,6,4,4
man,46,169,820618,seasoned,7,1,5
woman,50,150,416250,casual,1,6,4
man,20,172,624745,never,0,2,3
man,43,174,874284,regular,4,1,5
woman,49,176,772021,never,0,2,3
woman,21,158,575771,regular,2,4,8
man,35,188,868556,casual,1,4,4
man,46,179,687206,casual,0,4,5
woman,52,157,557120,regular,2,5,6
woman,26,159,633065,regular,4,6,5
woman,52,168,631543,seasoned,4,2,5
man,46,176,754983,regular,5,2,7
man,43,166,713993,seasoned,6,2,7
woman,32,166,681060,regular,3,4,5
woman,24,163,631368,never,0,2,2
woman,46,160,580248,casual,1,5,5
man,51,190,1014016,seasoned,7,2,6
man,38,180,690704,never,0,1,1
man,36,181,788132,regular,3,3,5
man,24,175,593689,casual,1,5,6
man,44,183,642221,regular,4,2,3
man,23,179,658467,regular,3,3,8
woman,21,159,570678,never,0,3,3
man,27,180,919739,casual,3,3,5
man,45,169,578993,never,0,2,2
man,43,189,869806,casual,2,3,5
man,50,177,803549,never,0,2,3
woman,42,163,621887,regular,3,3,4
man,18,176,795987,seasoned,4,3,11
woman,25,168,682047,seasoned,7,1,7
man,46,175,606074,seasoned,9,2,5
woman,34,166,771460,casual,1,5,5
woman,29,160,682784,never,0,2,3
woman,49,161,491271,regular,3,5,5
woman,54,175,687240,never,0,3,2
man,49,182,718615,regular,4,3,4
woman,19,162,627268,never,0,3,3
woman,21,181,721352,seasoned,4,4,9
man,25,182,753321,regular,4,2,5
woman,54,168,841324,regular,1,2,5
woman,26,168,845688,never,0,2,3
woman,22,167,638589,seasoned,4,2,6
man,53,170,668294,regular,3,4,7
man,45,180,609166,regular,5,5,3
man,47,170,648261,casual,3,5,4
woman,23,162,541103,casual,1,3,6
man,21,182,859328,casual,1,5,7
man,18,173,695754,never,0,2,3
man,52,181,705714,seasoned,8,2,6
woman,40,172,547304,seasoned,3,2,6
woman,30,160,597222,casual,0,6,5
woman,54,178,586154,casual,1,5,4
woman,43,166,608856,seasoned,5,3,7
man,36,184,626336,regular,5,4,4
woman,31,161,606533,seasoned,5,2,7
man,18,180,627526,regular,3,3,8
woman,29,156,579010,never,0,2,3
woman,27,156,529256,never,0,3,2
woman,26,177,668771,casual,1,3,5
woman,22,159,569515,regular,3,3,7
woman,32,163,629886,never,0,2,3
man,52,177,770079,never,0,2,2
woman,53,157,481343,never,0,2,3
man,39,174,742649,casual,2,5,4
man,39,173,640398,seasoned,7,1,6
man,38,171,701804,regular,4,3,6
man,43,175,748379,casual,2,3,4
woman,34,159,544607,never,0,2,1
woman,49,174,621350,never,0,2,3
man,24,168,718022,regular,3,3,9
woman,46,167,790055,regular,3,3,7
woman,35,165,585465,regular,3,5,6
man,50,181,955287,seasoned,8,2,8
woman,18,173,599376,casual,1,4,6
woman,54,167,711179,casual,2,4,5
woman,43,161,597525,casual,2,4,5
woman,26,160,665884,casual,1,3,6
woman,49,165,516022,never,0,2,1
woman,52,173,654184,never,0,2,2
woman,28,160,522951,regular,3,2,4
woman,36,166,646335,regular,3,4,5
man,24,183,784690,regular,2,3,7
woman,49,166,723563,never,0,3,2
man,40,167,872558,never,0,3,2
woman,27,161,650937,regular,5,2,6
man,47,186,777845,casual,3,3,5
woman,54,160,590583,never,0,2,3
man,45,188,659268,never,0,2,2
man,37,189,778714,seasoned,8,2,6
woman,41,174,689834,seasoned,5,2,7
man,29,177,848975,seasoned,5,2,6
woman,25,163,637119,casual,1,5,5
man,38,187,853137,seasoned,9,2,6
woman,39,169,777545,seasoned,4,1,9
man,41,190,935819,regular,4,2,6
woman,51,157,501839,never,0,2,2
woman,26,175,774948,regular,2,3,7
woman,51,166,643994,casual,2,7,5
woman,31,167,655735,casual,1,6,5
man,25,174,725543,regular,4,2,5
man,54,179,788408,never,0,2,2
man,39,175,857285,seasoned,6,2,6
man,35,176,839055,seasoned,6,2,7
man,41,167,700490,seasoned,6,1,6
man,51,191,933150,regular,6,4,5
man,35,186,908229,regular,4,2,8
man,50,178,900305,casual,1,4,6
woman,20,174,560106,seasoned,4,3,9
man,40,180,685553,regular,4,3,6
woman,32,170,671828,regular,2,4,5
man,33,177,765817,casual,1,6,5
man,19,161,565007,casual,1,5,8
man,49,174,761198,casual,2,3,4
man,24,175,614016,regular,4,2,5
man,22,183,768858,casual,2,5,6
woman,32,167,846693,regular,2,3,8
woman,45,169,765879,regular,2,4,4
man,33,168,610111,seasoned,6,1,5
woman,20,168,640558,seasoned,4,3,10
man,48,179,660903,never,0,2,1
woman,40,158,631553,seasoned,4,3,6
man,47,186,640026,casual,3,6,5
man,36,169,797534,casual,1,4,6
woman,32,166,793457,seasoned,4,2,8
man,31,172,622600,casual,2,3,3
man,45,176,728763,casual,1,2,5
woman,20,174,720615,regular,4,4,7
man,26,182,804688,regular,4,4,6
woman,40,179,692110,never,0,2,2
man,22,170,699948,casual,0,3,5
man,37,186,950177,regular,4,2,6
man,42,178,810709,casual,2,4,6
woman,49,162,546555,regular,3,2,6
woman,18,164,537421,seasoned,6,2,5
woman,28,167,721552,regular,4,3,5
man,36,181,900533,never,0,2,3
man,28,178,744015,seasoned,6,2,6
man,32,167,515946,regular,4,3,4
woman,52,167,823276,casual,1,4,5
man,36,170,665445,seasoned,9,3,7
man,38,178,686837,regular,4,2,7
woman,48,163,698726,regular,2,3,5
woman,24,165,564355,regular,3,4,5
woman,32,167,674042,never,0,2,2
woman,35,169,652639,seasoned,3,1,5
woman,52,167,751154,regular,3,4,6
woman,26,164,660146,seasoned,6,1,8
man,21,175,875851,never,0,3,2
man,29,177,676349,casual,2,4,5
man,30,178,586154,seasoned,5,1,5
woman,34,173,809967,seasoned,4,3,7
man,40,183,881666,never,0,3,1
woman,39,165,503662,casual,2,6,4
woman,47,166,687811,regular,2,3,7
man,30,172,668327,casual,1,3,4
man,50,185,819500,never,0,2,4
woman,51,168,747997,casual,1,6,4
woman,38,168,880651,never,0,4,2
woman,54,166,793919,regular,3,4,8
man,24,185,647180,casual,2,6,5
woman,24,163,658662,never,0,2,3
woman,34,161,557993,regular,3,2,4
man,40,178,695395,casual,1,4,4
woman,43,170,779106,casual,0,4,4
woman,36,157,684286,casual,1,4,4
woman,36,168,675072,seasoned,4,2,6
woman,26,157,511127,casual,2,4,4
woman,20,160,561327,regular,2,4,4
man,42,184,773977,casual,2,3,4
woman,53,175,705811,casual,1,4,4
man,34,176,711641,regular,4,2,5
woman,54,162,485514,casual,1,5,4
man,31,174,765442,casual,2,3,6
woman,23,177,778428,casual,2,4,6
woman,40,165,594723,regular,4,3,4
woman,33,172,719559,seasoned,3,2,9
woman,31,173,681460,casual,1,7,4
woman,45,158,646123,regular,2,4,4
man,48,182,920114,seasoned,8,3,7
woman,44,170,545920,seasoned,4,1,5
man,49,184,998553,never,0,2,2
woman,31,170,668503,regular,3,4,6
man,39,180,828336,casual,0,2,5
man,37,179,661705,regular,4,3,6
woman,18,174,752870,never,0,2,3
woman,24,166,633855,casual,2,7,5
woman,53,168,579008,casual,2,3,4
man,28,177,694223,casual,0,4,4
woman,28,172,569940,never,0,2,2
woman,40,168,843334,seasoned,3,1,9
man,27,177,660617,casual,2,4,3
man,32,180,753141,never,0,2,2
man,39,174,560106,seasoned,11,1,4
man,45,172,790136,seasoned,5,2,9
woman,25,169,757973,casual,1,4,6
man,21,177,781853,casual,2,4,5
woman,30,159,630128,never,0,2,3
man,45,173,781820,casual,2,5,5
woman,43,167,653840,seasoned,4,3,6
man,19,174,614670,casual,1,4,6
man,38,186,820070,never,0,2,3
woman,46,160,700770,casual,1,3,4
man,37,166,748472,casual,1,2,6
woman,52,168,533588,casual,0,5,5
woman,29,169,607925,never,0,2,2
man,24,167,797214,regular,3,4,7
man,54,181,633900,never,0,1,2
man,42,183,785448,seasoned,9,3,7
man,32,194,926667,seasoned,6,2,5
woman,41,167,644663,casual,1,4,4
woman,40,171,742347,seasoned,4,4,8
woman,54,162,559646,casual,1,4,4
woman,24,161,821509,regular,4,2,8
woman,41,163,667140,never,0,3,2
man,22,177,744564,regular,2,4,8
woman,46,154,600628,never,0,2,3
man,21,177,779387,regular,3,2,8
woman,20,158,618000,regular,3,3,7
woman,25,167,597275,regular,2,3,3
woman,49,159,631715,never,0,3,4
woman,53,166,742462,never,0,3,2
man,35,167,776427,regular,3,4,6
man,24,173,713518,never,0,2,3
woman,40,168,629680,regular,3,5,4
man,26,175,741788,regular,4,3,4
man,50,175,758996,casual,0,4,4
man,31,185,902582,casual,3,3,5
woman,31,156,628952,casual,1,4,4
man,21,167,569786,seasoned,9,2,8
man,22,182,733811,regular,4,1,7
man,20,177,716462,seasoned,5,2,7
woman,25,150,599620,regular,3,3,5
man,28,196,1119324,regular,5,2,5
man,26,175,647996,seasoned,8,3,5
woman,25,172,547304,casual,1,3,5
man,22,184,747082,seasoned,5,1,8
woman,51,168,632555,regular,3,4,6
woman,31,164,639150,regular,1,4,5
man,53,190,667850,casual,2,5,5
woman,21,162,677967,seasoned,5,1,11
man,18,179,652072,seasoned,5,2,7
woman,34,157,463676,casual,1,6,3
woman,29,161,620649,seasoned,7,2,7
man,46,172,848318,never,0,2,1
woman,36,165,627941,regular,3,5,5
woman,32,164,644600,seasoned,4,1,7
woman,36,162,669425,regular,4,3,4
woman,39,162,696958,casual,1,6,5
man,20,175,774880,never,0,2,2
man,24,176,808564,regular,4,4,5
woman,36,160,605429,regular,3,2,4
woman,40,163,716573,never,0,2,3
woman,37,165,641625,seasoned,5,4,4
man,23,173,666102,seasoned,5,3,9
man,30,180,855349,regular,5,4,4
woman,51,158,480403,seasoned,4,2,4
man,26,184,820190,casual,2,5,4
man,48,170,859696,casual,3,4,4
woman,35,174,753180,casual,1,4,4
woman,42,168,751999,seasoned,3,4,9
woman,24,168,654835,regular,3,4,6
woman,40,172,832030,regular,2,2,6
man,29,185,730618,casual,2,3,4
woman,27,160,579163,regular,3,4,6
woman,36,169,751373,regular,3,3,5
woman,53,165,635982,never,0,2,2
man,19,174,626271,regular,5,3,8
man,42,184,1003823,casual,3,6,5
man,45,182,876795,seasoned,8,2,7
woman,21,163,631950,casual,1,3,6
woman,42,163,611541,seasoned,3,2,7
woman,46,154,557664,casual,1,4,4
man,26,174,811707,never,0,2,3
man,28,183,871037,regular,6,2,5
woman,41,166,510424,never,0,3,2
man,35,174,717757,casual,2,4,4
woman,41,173,648677,seasoned,4,1,7
man,20,183,727440,casual,2,5,5
woman,48,159,568696,seasoned,4,3,7
man,41,191,734864,never,0,2,4
man,33,184,779955,regular,4,4,7
woman,37,168,698724,never,0,3,2
woman,51,175,624971,casual,1,5,4
woman,49,171,727950,casual,1,4,5
man,29,174,642848,seasoned,7,3,6
man,35,176,785579,casual,1,3,5
woman,41,164,634676,regular,3,3,6
man,40,179,858487,seasoned,8,2,7
woman,18,157,575219,never,0,2,2
woman,30,160,613539,never,0,3,3
man,22,169,585456,seasoned,4,3,7
woman,25,153,563953,never,0,2,3
man,54,186,830395,never,0,2,2
woman,26,165,660053,never,0,3,2
woman,50,162,626802,seasoned,3,3,6
woman,41,161,494131,never,0,2,2
man,49,170,691818,casual,1,3,6
woman,52,159,627004,casual,1,5,4
man,29,172,669936,casual,2,4,4
man,19,184,689890,regular,3,3,7
woman,43,176,753584,seasoned,4,3,8
man,30,171,639572,regular,4,3,6
woman,49,171,716378,regular,3,6,7
man,19,174,822244,never,0,2,3
man,49,181,894599,casual,0,5,4
man,35,171,741618,regular,4,2,9
woman,51,167,776741,casual,1,4,6
man,36,189,898253,never,0,2,3
man,38,178,742075,casual,1,3,4
woman,48,164,630842,never,0,2,3
woman,42,166,599621,regular,3,3,8
man,35,183,645276,seasoned,9,2,7
woman,20,163,647972,seasoned,4,1,8
woman,53,166,619746,regular,3,3,5
man,48,179,592758,casual,2,5,4
man,41,171,691030,seasoned,8,2,5
man,49,179,652002,casual,3,3,3
man,22,173,661733,never,0,2,3
man,28,178,785125,casual,2,3,5
woman,40,164,538961,seasoned,3,3,7
man,26,179,795664,casual,2,3,4
woman,43,160,555836,regular,3,4,5
man,21,182,795661,never,0,2,3
man,34,177,600476,seasoned,8,3,8
man,48,184,844905,regular,6,4,4
woman,32,164,653218,regular,2,4,4
woman,26,174,699095,regular,5,4,5
woman,23,169,695042,casual,1,6,4
man,52,169,672615,seasoned,6,3,6
woman,54,167,653055,regular,2,3,6
man,40,176,779189,never,0,2,3
woman,36,165,539050,casual,1,6,4
man,25,173,663092,seasoned,4,3,8
woman,22,165,668506,regular,2,5,6
woman,35,159,619669,regular,2,4,3
man,24,177,723432,seasoned,7,3,7
man,38,182,780141,casual,1,4,3
man,35,170,682435,never,0,2,3
woman,44,158,592281,regular,2,5,5
woman,28,152,587515,seasoned,4,3,6
woman,54,174,675133,regular,3,4,5
man,18,185,719262,regular,4,3,6
woman,54,161,584806,casual,1,4,5
woman,50,172,780191,never,0,2,3
woman,28,170,914645,seasoned,5,3,7
man,20,178,854137,regular,4,2,8
man,31,167,592371,regular,3,3,5
woman,48,157,734023,regular,2,3,7
woman,53,172,707540,regular,2,3,7
man,21,192,979222,regular,4,4,5
woman,52,175,645413,never,0,2,2
man,47,186,839814,casual,1,3,4
man,22,177,684261,regular,2,3,5
man,18,195,973184,seasoned,7,2,8
man,42,183,849971,seasoned,6,2,8
man,51,174,658704,seasoned,6,2,6
woman,52,168,581130,never,0,3,3
woman,42,152,576853,regular,3,3,4
woman,28,173,747713,seasoned,5,4,6
man,19,172,707824,regular,3,3,8
man,45,171,540958,seasoned,8,3,5
man,32,198,998686,casual,0,3,4
woman,41,170,715467,never,0,3,2
man,33,167,765741,casual,0,3,6
man,28,172,833297,seasoned,6,2,5
woman,41,161,640318,casual,2,3,4
woman,27,175,722878,regular,4,3,7
man,49,171,571737,casual,2,4,4
woman,29,161,630399,regular,3,4,7
woman,19,161,679974,seasoned,4,4,8
man,49,173,891738,regular,4,4,5
man,51,174,750749,casual,3,5,4
man,20,178,684581,casual,1,5,5
man,53,172,672545,never,0,2,2
man,18,180,800776,seasoned,8,2,10
man,23,193,924319,regular,4,3,6
woman,41,160,616064,never,0,3,1
woman,21,160,629347,casual,1,4,6
woman,40,169,689224,regular,2,4,5
man,48,165,609722,casual,1,4,4
man,38,183,832850,regular,3,3,5
woman,50,173,719909,casual,1,5,4
woman,27,164,646402,regular,3,5,6
man,25,176,584947,regular,5,2,6
woman,49,150,492580,never,0,2,4
woman,34,164,637806,casual,1,5,4
woman,19,176,754222,seasoned,3,2,8
man,38,181,814231,regular,6,3,5
man,22,183,889874,regular,4,4,8
man,38,178,666612,never,0,2,1
man,31,175,697538,seasoned,5,2,7
man,24,181,798045,seasoned,5,1,7
man,29,164,560273,seasoned,9,3,7
woman,27,173,652517,regular,4,3,5
woman,53,166,553394,regular,3,3,6
woman,28,157,704040,seasoned,4,3,6
woman,25,160,616511,never,0,2,3
man,27,189,1092227,seasoned,8,3,9
man,52,174,689193,regular,4,4,6
man,37,173,790058,regular,5,5,4
woman,40,165,835089,casual,1,4,4
woman,52,151,540559,never,0,2,2
man,46,177,885706,never,0,2,2
man,22,168,730305,casual,3,6,6
man,52,183,793551,never,0,1,2
woman,39,159,492970,regular,3,3,4
man,37,179,804382,never,0,1,2
man,44,177,792731,casual,2,5,5
woman,19,159,659519,never,0,1,4
woman,41,164,628037,never,0,2,2
woman,30,154,479190,regular,2,4,6
man,34,180,728432,regular,4,2,6
man,47,188,881459,regular,5,2,6
man,33,175,610501,regular,5,4,3
woman,52,167,567065,regular,2,3,6
woman,18,178,759171,seasoned,4,4,8
woman,20,154,655741,seasoned,4,2,7
man,29,177,591396,casual,2,4,4
woman,35,167,554051,casual,1,3,4
woman,45,169,545878,seasoned,4,3,6
man,20,180,737361,never,0,2,4
woman,27,173,636708,never,0,2,2
woman,38,161,684624,regular,3,3,6
woman,54,154,438746,casual,1,6,4
man,34,173,662852,regular,3,1,6
woman,39,162,577757,casual,0,5,3
man,36,175,743275,casual,2,3,4
woman,29,170,756286,regular,3,3,6
woman,52,151,595121,casual,1,6,6
man,31,175,752317,never,0,3,3
woman,37,170,766764,seasoned,6,2,7
woman,33,152,461738,regular,2,2,5
man,49,185,680535,seasoned,6,2,5
man,36,177,740121,seasoned,6,3,6
woman,46,170,711862,never,0,2,2
man,35,179,602140,never,0,2,2
woman,49,175,822827,never,0,2,3
woman,22,168,691771,regular,3,4,8
woman,24,175,773914,never,0,3,4
man,37,177,797067,seasoned,9,3,7
man,22,179,878282,casual,1,3,5
woman,38,166,665203,never,0,3,3
man,26,182,823097,seasoned,7,1,7
woman,27,165,690684,regular,3,5,7
man,44,175,785670,seasoned,10,2,7
man,39,176,770228,seasoned,8,1,7
man,29,168,796471,regular,5,3,4
man,37,179,730564,never,0,3,4
woman,37,164,543434,casual,1,4,4
woman,35,158,617188,casual,1,4,3
man,38,173,758774,casual,1,4,6
woman,52,167,649560,seasoned,5,3,6
man,18,187,655159,seasoned,8,1,6
woman,49,166,819781,seasoned,3,1,5
woman,41,163,656110,seasoned,5,2,7
woman,32,169,643571,seasoned,5,2,5
woman,27,163,569056,casual,1,6,4
woman,32,166,509786,casual,1,5,4
man,34,171,783311,seasoned,6,4,8
man,26,183,890163,casual,2,5,5
man,48,175,709253,seasoned,7,2,5
man,54,179,693764,regular,4,1,5
woman,50,165,730477,casual,1,6,6
woman,44,160,557203,seasoned,5,2,6
woman,41,155,509292,seasoned,3,2,7
woman,35,162,667345,casual,2,7,4
woman,49,167,552438,casual,1,5,4
woman,25,174,851464,never,0,3,3
woman,31,172,547304,regular,3,2,4
man,38,174,716716,regular,7,4,4
man,37,166,607868,casual,2,4,4
woman,28,161,717950,regular,3,5,7
woman,27,174,798612,regular,4,3,5
man,39,183,822685,never,0,2,2
man,41,179,833921,never,0,2,2
man,18,179,926150,seasoned,6,1,10
woman,47,157,699456,seasoned,4,3,6
woman,35,160,618614,regular,3,4,7
man,24,178,699009,casual,1,2,4
man,32,180,943233,never,0,2,3
woman,41,165,561592,regular,2,3,3
man,28,184,920949,regular,5,2,5
man,46,177,800352,regular,6,3,5
woman,20,169,658964,regular,3,2,6
man,43,185,974975,regular,5,2,6
man,21,168,698120,casual,2,4,6
woman,32,161,828792,seasoned,2,4,9
man,28,174,668860,casual,3,4,5
man,39,167,788502,seasoned,6,3,7
woman,48,157,547446,casual,1,3,6
woman,50,159,624657,never,0,1,2
woman,46,165,723381,seasoned,4,2,9
woman,35,168,522144,seasoned,4,3,6
man,38,176,680393,never,0,2,3
woman,33,170,683494,casual,1,5,6
woman,39,172,833701,regular,3,5,5
woman,39,168,724344,casual,1,3,6
man,33,180,654407,regular,3,2,6
man,46,183,919889,regular,5,4,6
man,46,181,956538,regular,4,3,5
man,48,171,827205,regular,4,4,7
man,45,181,660402,casual,2,3,3
man,51,166,755587,casual,0,3,4
man,47,174,798944,casual,2,5,5
man,50,177,629100,casual,1,5,3
man,23,183,909090,regular,3,2,7
man,23,186,822090,never,0,2,2
man,22,173,553686,casual,2,4,4
woman,51,166,650945,never,0,2,2
man,34,177,664774,casual,2,4,5
man,54,173,663569,casual,2,5,4
woman,29,162,748788,regular,4,3,9
woman,48,169,776050,casual,1,4,4
man,30,168,789820,never,0,2,2
woman,31,173,802571,seasoned,6,4,6
man,24,162,680054,never,0,2,3
woman,18,164,523777,seasoned,4,2,7
man,48,174,737813,seasoned,5,3,7
woman,44,165,662611,seasoned,4,3,9
man,48,172,697436,seasoned,7,2,7
man,33,171,895282,casual,2,4,5
man,32,169,663767,casual,1,3,5
woman,20,163,802740,casual,1,3,8
woman,26,157,542743,never,0,3,3
woman,28,173,887801,casual,1,6,5
man,41,170,766944,never,0,2,3
woman,25,168,634542,casual,2,5,4
woman,34,173,713593,seasoned,3,5,7
woman,53,167,702137,regular,2,6,6
man,52,181,748382,seasoned,8,4,5
woman,51,166,700679,casual,0,3,4
man,50,180,756128,regular,5,4,7
woman,49,165,734851,casual,1,6,5
man,48,185,864979,regular,4,3,4
woman,45,166,660317,never,0,2,3
woman,52,162,560291,casual,1,5,4
man,29,184,931565,regular,4,2,6
woman,19,159,761152,regular,2,7,9
man,32,170,598003,casual,2,5,4
woman,35,155,572018,seasoned,4,1,7
man,38,181,848381,regular,6,4,5
man,18,186,815031,regular,3,3,9
man,18,173,738372,regular,2,2,7
woman,52,150,626081,regular,2,5,6
woman,45,164,605953,regular,3,5,8
woman,54,167,820468,never,0,1,2
woman,36,164,630638,never,0,2,3
woman,33,164,768005,regular,3,6,7
woman,23,166,703878,casual,0,6,6
man,30,183,769957,casual,2,5,4
woman,54,164,747106,seasoned,4,1,7
woman,44,177,621237,never,0,3,3
woman,19,170,578325,casual,0,3,4
man,54,197,882523,never,0,2,3
man,26,184,799361,never,0,2,3
man,21,185,919640,casual,1,4,5
woman,28,166,743720,seasoned,6,4,9
man,50,187,884345,casual,0,5,4
woman,49,159,687421,seasoned,4,3,5
woman,53,167,576729,casual,1,5,4
woman,41,162,609008,never,0,2,2
woman,53,174,690613,regular,3,3,5
man,32,174,791711,casual,1,5,4
man,44,172,698542,never,0,2,3
man,24,174,763189,regular,4,3,4
man,24,182,839751,seasoned,7,3,7
woman,53,159,639443,regular,2,3,4
man,41,176,818835,never,0,2,3
man,31,168,916504,casual,2,3,6
woman,35,152,577415,casual,1,5,4
man,25,178,850417,never,0,2,2
man,31,179,751663,casual,1,4,5
woman,34,162,515547,casual,1,3,5
man,21,179,840147,regular,5,3,6
woman,50,159,699439,never,0,2,2
woman,54,166,660815,casual,1,3,4
woman,25,163,536689,never,0,2,2
woman,24,165,749819,seasoned,6,1,11
woman,45,163,599368,regular,2,3,6
woman,29,162,485514,regular,4,3,3
woman,44,162,485514,casual,1,3,4
man,54,176,645098,seasoned,8,2,8
man,36,167,724264,regular,5,3,7
man,50,179,836518,casual,2,5,5
woman,32,167,611921,never,0,2,2
woman,36,169,768791,regular,2,4,6
man,34,182,850852,seasoned,7,1,8
man,39,171,672039,regular,7,3,6
woman,45,169,676702,regular,2,4,6
woman,33,162,621953,casual,1,6,5
woman,48,169,718379,regular,4,2,9
woman,36,164,649366,casual,1,6,5
woman,47,158,590062,casual,1,6,4
man,41,186,902467,never,0,2,4
woman,23,162,635892,seasoned,5,2,10
woman,32,161,678396,seasoned,6,2,6
man,27,172,853793,casual,1,4,5
man,31,190,817815,never,0,2,3
woman,49,164,680856,casual,0,4,6
woman,26,170,710422,seasoned,6,4,7
man,25,174,777743,seasoned,7,1,6
woman,30,160,671107,never,0,2,3
man,26,170,560869,regular,5,1,6
woman,25,167,788269,regular,2,5,7
woman,34,166,681225,casual,1,5,6
man,24,169,747510,casual,1,4,5
woman,49,184,723715,never,0,2,2
man,21,174,560106,regular,3,4,6
woman,25,161,564382,never,0,2,3
man,18,187,723879,never,0,2,5
woman,43,171,730742,regular,2,4,5
man,45,174,706685,casual,1,2,4
woman,49,163,607972,never,0,2,2
man,25,174,623850,regular,5,2,5
woman,32,165,741766,seasoned,3,3,6
woman,24,173,857225,never,0,2,5
man,38,183,877400,regular,7,2,4
woman,26,159,552454,regular,4,4,4
woman,35,168,800533,seasoned,3,3,6
man,53,172,681173,casual,1,3,4
woman,46,174,704134,casual,1,5,3
woman,42,159,563672,seasoned,4,2,6
man,30,170,714819,seasoned,6,2,7
man,48,178,795914,regular,4,2,5
woman,34,164,708775,casual,1,4,5
man,22,186,967613,regular,3,2,9
man,51,173,647667,casual,3,5,4
woman,51,164,497576,never,0,3,2
man,25,190,1007309,casual,2,3,4
woman,54,163,528933,regular,4,3,3
man,35,185,770219,never,0,2,4
man,31,169,758524,casual,1,4,4
man,31,180,891312,regular,4,3,6
woman,24,166,542300,seasoned,4,2,6
woman,41,150,529783,regular,3,4,5
man,30,162,771656,casual,2,5,6
woman,24,166,611033,never,0,4,2
woman,19,163,684263,seasoned,4,2,9
woman,43,151,577569,never,0,2,2
woman,34,177,824788,never,0,3,2
woman,36,160,693171,regular,2,3,5
man,21,179,888692,casual,0,6,4
woman,36,162,677482,never,0,3,3
woman,31,168,660544,casual,1,5,4
man,24,178,778331,casual,2,4,5
man,46,168,627951,casual,1,3,4
woman,29,166,670980,regular,3,6,6
woman,27,164,591880,regular,3,3,4
man,20,184,812877,never,0,2,4
man,30,176,725999,regular,4,2,6
woman,40,155,500467,seasoned,4,1,5
woman,30,168,650309,casual,2,4,4
woman,21,170,622140,casual,1,6,6
woman,44,173,553686,regular,2,3,5
man,34,180,1025370,regular,5,4,5
woman,38,155,603927,seasoned,3,4,6
man,53,176,725431,never,0,2,3
woman,46,173,686373,seasoned,3,4,7
woman,42,162,486741,never,0,2,2
man,34,187,909903,regular,3,3,6
man,28,168,724035,seasoned,6,2,6
woman,25,169,586134,never,0,3,2
woman,36,161,622525,regular,2,6,4
man,28,165,796091,seasoned,6,4,6
man,33,184,888010,regular,5,3,5
woman,28,177,722924,never,0,3,2
woman,50,161,706817,seasoned,4,2,5
woman,21,162,639077,never,0,2,2
man,43,183,838111,regular,6,3,6
woman,41,164,566039,seasoned,3,4,8
man,32,187,1109017,casual,2,5,6
woman,50,168,678948,seasoned,7,2,8
woman,35,165,525804,seasoned,5,1,4
man,39,172,617366,regular,6,4,6
woman,30,172,696732,seasoned,5,1,5
woman,25,169,707605,casual,2,5,3
man,24,188,974229,regular,3,4,8
man,36,170,690000,casual,3,4,5
man,38,173,608719,never,0,2,2
man,25,186,876531,seasoned,6,2,7
woman,48,163,716114,seasoned,4,3,8
woman,39,158,576446,regular,2,4,4
woman,53,157,645175,seasoned,5,2,7
man,19,181,606078,regular,3,2,7
woman,33,167,604415,seasoned,4,3,6
woman,44,168,754443,never,0,3,2
man,29,178,718951,casual,3,5,6
woman,34,158,537803,seasoned,3,5,5
man,23,161,623342,regular,4,3,6
man,48,187,912135,casual,2,4,4
man,47,175,576851,seasoned,5,3,6
man,23,173,639998,regular,4,2,7
man,19,177,774442,regular,3,2,5
woman,35,176,804585,casual,0,4,4
man,27,185,864464,never,0,2,2
woman,31,169,622912,seasoned,5,3,6
woman,33,157,680047,casual,1,4,5
woman,35,167,775134,casual,1,5,4
man,54,186,818923,casual,2,4,4
man,36,185,696982,casual,1,4,4
woman,51,173,820784,seasoned,4,3,6
woman,35,163,594620,casual,1,4,3
woman,30,176,876463,seasoned,3,2,9
woman,45,170,753671,casual,1,8,4
man,34,174,570126,regular,4,2,5
woman,54,153,541666,regular,3,5,7
woman,28,172,719122,seasoned,4,3,8
woman,53,176,664287,casual,0,4,4
man,33,172,954371,regular,3,3,6
woman,27,174,744885,never,0,2,2
man,18,191,1167037,regular,4,2,8
woman,46,167,515946,regular,2,3,5
man,37,177,885158,never,0,2,4
man,34,180,830990,regular,3,2,5
woman,35,169,538639,seasoned,4,1,6
woman,43,164,588626,seasoned,4,2,7
man,29,185,837155,casual,2,3,5
man,32,179,937190,casual,1,5,5
man,26,180,943202,never,0,2,2
man,39,173,700294,regular,5,3,5
man,44,174,560106,casual,2,3,4
woman,53,156,525134,casual,1,6,5
woman,30,174,560106,regular,3,3,4
man,36,177,882725,casual,2,3,6
woman,39,165,682152,casual,2,5,5
man,48,181,754242,casual,2,5,5
man,40,185,814113,casual,2,3,5
man,53,173,698546,regular,4,4,5
man,29,172,734071,never,0,2,4
man,53,184,922666,seasoned,5,2,7
woman,22,172,625438,regular,4,5,6
man,32,169,698801,casual,3,4,4
woman,37,167,718285,casual,0,5,5
man,32,183,755536,casual,1,2,5
woman,47,168,802430,casual,0,6,5
man,19,173,642602,regular,4,2,9
man,50,186,753237,seasoned,8,2,7
man,26,183,996757,regular,3,4,4
woman,29,173,776425,casual,1,6,4
woman,47,163,627842,never,0,3,3
man,33,180,800106,casual,2,4,5
man,24,164,679340,regular,3,4,7
man,37,175,726015,seasoned,6,2,7
woman,33,159,575732,never,0,2,3
man,19,174,672812,seasoned,6,4,10
woman,19,164,674804,regular,3,5,5
woman,24,165,844579,casual,2,5,5
man,46,180,760435,casual,3,3,5
woman,51,175,841326,casual,1,5,5
man,21,184,873125,casual,1,5,4
man,54,184,733191,seasoned,8,1,7
woman,23,163,574208,seasoned,6,1,7
man,45,194,867986,regular,5,1,7
woman,24,174,860703,seasoned,6,2,7
man,30,181,777749,regular,3,4,5
woman,21,160,633727,regular,5,3,6
man,52,173,729676,never,0,2,2
man,44,183,720984,regular,5,3,7
man,45,179,650240,regular,5,1,5
woman,37,170,569154,seasoned,5,2,5
woman,37,167,661036,never,0,2,2
woman,41,165,540261,never,0,2,2
woman,24,173,690974,never,0,3,1
man,38,167,757634,never,0,2,2
woman,51,161,750835,never,0,2,2
woman,28,164,680202,regular,3,4,6
man,29,178,730747,never,0,2,3
man,45,178,672402,seasoned,6,2,8
woman,53,171,629048,seasoned,6,2,5
man,43,178,767753,casual,2,4,4
man,24,176,793530,seasoned,6,2,7
man,33,183,870893,never,0,2,4
man,28,177,1054153,never,0,2,3
man,39,174,670403,regular,5,3,6
man,29,171,660014,seasoned,6,2,7
man,40,173,683028,casual,2,3,3
man,53,188,841817,never,0,2,3
woman,21,165,687696,casual,1,6,7
woman,29,167,652054,never,0,1,2
man,54,174,560106,casual,2,5,3
woman,30,173,898683,regular,2,2,6
woman,47,169,528378,casual,1,5,3
woman,22,157,651628,casual,1,6,5
woman,48,165,627502,regular,2,3,4
woman,30,171,685205,casual,2,4,6
man,49,170,624691,never,0,2,3
man,53,173,758530,casual,1,3,4
man,30,183,787419,regular,5,3,5
woman,21,164,534604,casual,0,6,4
man,42,168,691467,casual,1,3,5
man,35,183,769324,seasoned,7,3,5
woman,21,166,615455,never,0,3,3
man,33,179,662991,seasoned,6,3,8
woman,29,160,701373,regular,4,3,5
woman,34,162,687462,never,0,3,3
man,48,175,963196,casual,1,3,5
man,41,173,731155,never,0,2,3
woman,29,166,751641,never,0,1,3
woman,21,163,698101,seasoned,5,4,8
woman,37,170,655482,never,0,2,3
man,26,177,612733,regular,5,2,3
man,53,183,876507,regular,7,2,8
man,35,169,713971,regular,5,2,6
woman,31,163,652173,seasoned,3,3,6
man,42,180,818089,never,0,2,2
woman,42,158,675280,regular,2,6,6
man,22,176,731094,never,0,1,2
woman,32,156,582932,casual,2,5,3
woman,34,167,733761,casual,1,5,5
man,27,181,750298,seasoned,7,3,5
man,53,180,611072,never,0,2,2
woman,41,160,637915,never,0,2,2
man,21,176,655925,casual,1,5,4
woman,25,162,735573,seasoned,5,1,8
man,37,171,656634,regular,6,3,5
woman,39,165,676431,seasoned,5,2,6
woman,31,171,540958,casual,1,6,3
woman,22,168,724064,never,0,1,3
man,29,177,579586,seasoned,6,3,6
man,35,180,617866,seasoned,8,2,5
woman,21,170,640404,seasoned,3,3,7
woman,38,157,735010,casual,1,6,4
man,29,187,669787,regular,5,3,4
woman,42,167,711572,regular,3,3,5
woman,20,169,534908,never,0,3,1
man,46,185,890005,regular,5,2,5
man,33,176,820426,casual,1,3,4
man,46,176,802533,never,0,2,2
woman,23,172,646589,seasoned,6,4,7
man,44,180,768710,never,0,2,2
man,42,174,761444,casual,3,5,3
man,28,169,781465,regular,3,2,7
man,40,190,819040,regular,6,4,5
man,49,177,745603,regular,6,3,4
man,32,178,620313,regular,3,4,6
man,46,183,783661,casual,2,3,4
woman,35,163,610406,regular,3,4,8
woman,37,161,649635,regular,2,2,4
man,49,167,734723,regular,6,4,6
woman,36,158,546718,casual,1,5,4
man,37,177,815450,seasoned,8,3,6
woman,49,165,769675,regular,3,5,5
woman,26,157,548661,regular,4,4,7
man,32,189,922087,casual,2,4,4
woman,28,164,519062,seasoned,7,3,5
woman,34,165,650009,casual,1,6,5
woman,24,163,648034,seasoned,5,1,9
man,42,185,766312,never,0,2,2
woman,23,174,878455,seasoned,4,3,8
man,47,178,691061,casual,2,3,4
woman,52,163,690302,seasoned,5,4,9
man,26,178,813671,casual,1,5,4
woman,20,168,586664,casual,2,6,5
man,19,176,883591,regular,3,4,9
woman,24,166,693389,never,0,2,2
man,49,188,858480,regular,3,2,5
man,18,180,796969,casual,1,5,6
man,49,173,666341,regular,4,2,4
man,42,174,743740,casual,2,3,4
man,40,184,907777,seasoned,8,1,8
man,37,177,661050,regular,4,2,7
man,37,179,905694,casual,3,4,4
woman,30,174,809392,never,0,1,2
man,45,192,959451,never,0,3,2
woman,30,160,744616,regular,3,4,8
woman,43,164,643518,seasoned,4,4,7
man,22,168,578926,seasoned,5,1,8
woman,26,165,566872,regular,5,3,6
man,50,185,1015262,never,0,2,3
man,42,188,799587,never,0,3,4
woman,49,169,548464,regular,2,4,4
man,30,176,785639,never,0,2,2
woman,50,168,610707,casual,0,5,4
woman,31,168,647581,seasoned,5,2,6
woman,35,165,635865,casual,1,3,5
woman,23,159,587641,casual,1,5,6
woman,24,177,692809,regular,3,3,5
woman,47,171,749169,regular,3,4,6
man,41,180,870001,regular,5,2,6
man,33,173,783137,casual,2,5,4
man,26,175,668222,regular,5,1,4
woman,32,165,751110,regular,2,4,6
woman,51,172,755698,seasoned,4,2,9
